PCR Name,Fwd primer seq,Rev primer seq,Probe seq,Probe target strand,Annealing temp,Mg conc,Target segment number
SpackmanPM,AGATGAGTCTTCTAACCGAGGTCG,TGCAAAGACACTTTCCAGTCTCTG,TCAGGCCCCCTCAAAGCCGA,-,60,0.00124,7
H1.118,AATGCCGAACTGTTGGTTCT,CAATTTCCTTGGCATTGTTTT,CTGGCTTCTTACCTTTTCATATAAGTTCTTC,+,54,0.00124,4
H1av,GAAGGRGGATGGACAGGAATGA,CAATTAHTGARTTCACTTTGTTGC,TCTGGTTACGCAGCWGATCAGAAAA,-,56,,4
H1[N2]1,GAGGGGGRTGGACCGGAATGATAGATGGAKKKKKTGGTTATCATCA,ACCTACAGCTGTGAATTGAGTGTTCATYTTNTCGKKKKKAGAGTTCACCT,CAGGGATCTGGCTATGCTGCAGAYC,-,56,,4
H1[N2]2,GGATGGTACGGTTATCATCA,TTTCGATCACAGAATTCACCT,CAGGGATCTGGCTATGCTGCAGAYC,-,56,,4
H3,CTTGATGGRGMAAAYTGCACA,GGCACATCATAWGGGTAACA,CTCTATTGGGRGACCCTCAYTGTGA,-,56,,4
N1,AGRCCTTGYTTCTGGGTTGA,ACCGTCTGGCCAAGACCA,ATYTGGACYAGTGGGAGCAGCAT,-,56,,6
N2,AGTCTGGTGGACYTCAAAYAG,TTGCGAAAGCTTATATAGVCATGA,CCATCAGGCCATGAGCCTGWWCCATA,+,56,,6
Differential,TGAAAGGAGTTGGAACAATAGCAA,GACCAGTGAGTACCCTTCCC,TGACCGAAATTCTGGAGGG,-,60,,5
